CASEID,v731,v732,v872,v874
   1,3,4,1,1
   2,3,3,5,2
   3,2,3,1,1
   4,3,5,1,4
   5,3,3,5,4
   6,1,4,1,2
   7,1,5,1,3
   8,1,4,5,3
   9,1,4,1,1
  10,2,3,1,1
  11,1,4,1,4
  12,1,3,5,5
  13,1,5,1,1
  14,3,2,1,1
  15,3,3,1,2
  16,2,2,1,1
  17,1,5,1,2
  18,1,5,1,1
  19,1,5,1,1
  20,3,4,1,2
  21,3,2,5,5
  22,3,3,5,3
  23,1,4,1,1
  24,4,5,1,1
  25,1,5,1,1
  26,3,4,1,3
  27,1,5,5,5
  28,3,4,1,2
  29,1,4,5,5
  30,1,4,1,1
  31,3,4,5,1
  32,3,1,1,1
  33,1,5,1,2
  34,5,3,1,2
  35,3,4,1,2
  36,1,4,5,3
  37,2,4,1,4
  38,1,4,5,2
  39,3,4,1,2
  40,1,4,1,1
  41,3,3,1,4
  42,1,5,5,3
  43,3,4,1,5
  44,1,3,5,2
  45,1,5,1,1
  46,1,5,1,1
  47,2,2,5,5
  48,3,5,1,1
  49,1,5,1,1
  50,1,5,1,2
  51,1,4,1,3
  52,5,4,5,2
  53,5,2,1,1
  54,1,4,1,7
  55,5,1,1,9
  56,5,4,1,1
  57,2,4,1,3
  58,2,3,1,2
  59,3,4,1,2
  60,2,1,5,4
  61,1,4,1,4
  62,1,3,1,2
  63,3,4,1,2
  64,1,4,1,1
  65,3,3,1,2
  66,1,5,5,5
  67,2,4,1,3
  68,1,3,5,2
  69,3,4,1,1
  70,1,4,1,3
  71,2,3,1,1
  72,3,2,1,5
  73,2,3,1,2
  74,1,2,1,4
  75,3,4,1,1
  76,2,5,1,1
  77,1,3,1,1
  78,3,5,5,3
  79,3,3,1,4
  80,3,4,5,5
  81,1,3,1,2
  82,1,5,1,1
  83,1,4,1,3
  84,3,2,9,9
  85,1,3,1,1
  86,1,5,1,1
  87,2,3,1,3
  88,1,4,1,2
  89,4,5,1,1
  90,3,2,1,1
  91,3,3,5,5
  92,3,5,5,5
  93,2,3,1,4
  94,3,3,1,2
  95,1,4,1,4
  96,1,4,1,2
  97,3,4,1,1
  98,1,4,5,5
  99,1,4,1,4
 100,3,4,1,3
 101,2,3,1,2
 102,1,5,5,2
 103,1,5,1,1
 104,1,4,1,9
 105,1,4,1,1
 106,3,4,1,4
 107,1,4,1,5
 108,3,3,1,3
 109,1,4,5,5
 110,1,5,1,1
 111,3,2,5,3
 112,3,5,1,3
 113,3,4,5,5
 114,1,5,1,1
 115,1,5,5,4
 116,1,5,1,3
 117,3,2,1,1
 118,1,3,1,7
 119,1,3,1,1
 120,3,3,1,1
 121,1,5,5,2
 122,1,5,1,1
 123,1,4,5,5
 124,1,5,1,1
 125,1,4,1,3
 126,4,3,1,1
 127,1,4,1,3
 128,3,3,1,2
 129,3,5,1,3
 130,3,3,1,1
 131,1,3,1,3
 132,1,4,1,3
 133,1,4,1,2
 134,1,4,1,2
 135,2,2,1,4
 136,3,2,1,1
 137,1,4,1,4
 138,1,4,1,3
 139,2,4,1,4
 140,1,5,1,1
 141,3,3,1,1
 142,1,5,1,2
 143,3,2,5,5
 144,1,5,1,3
 145,3,3,1,4
 146,3,5,5,5
 147,1,5,1,4
 148,3,3,5,5
 149,1,5,5,4
 150,3,2,1,4
 151,1,2,1,1
 152,1,4,1,2
 153,3,5,5,5
 154,3,2,1,2
 155,1,8,1,1
 156,1,5,1,2
 157,1,4,1,3
 158,1,3,1,2
 159,3,2,1,1
 160,3,3,5,3
 161,3,5,5,5
 162,2,5,1,1
 163,1,3,5,4
 164,3,3,1,4
 165,1,5,5,4
 166,1,5,5,4
 167,1,4,1,1
 168,3,4,1,2
 169,2,2,1,4
 170,3,4,1,1
 171,1,5,1,1
 172,3,5,1,3
 173,1,5,5,4
 174,3,3,5,4
 175,1,3,5,5
 176,3,4,5,2
 177,2,3,1,3
 178,3,5,1,3
 179,3,4,1,2
 180,1,4,5,1
 181,1,5,1,4
 182,3,4,1,1
 183,1,3,5,3
 184,3,3,1,2
 185,1,3,1,3
 186,1,4,1,1
 187,3,4,1,4
 188,3,4,1,1
 189,1,3,1,1
 190,1,4,1,1
 191,1,2,5,4
 192,3,3,1,2
 193,1,4,1,2
 194,3,3,1,1
 195,3,4,1,1
 196,1,4,1,2
 197,1,5,1,3
 198,3,5,5,9
 199,1,4,5,2
 200,3,3,1,1
 201,1,4,1,2
 202,4,4,5,5
 203,3,3,1,3
 204,3,4,5,5
 205,1,4,1,1
 206,1,3,1,1
 207,1,4,1,1
 208,1,3,1,3
 209,3,4,5,4
 210,3,3,5,5
 211,1,2,1,2
 212,3,4,5,4
 213,3,4,1,2
 214,1,4,1,2
 215,3,5,5,5
 216,2,3,1,3
 217,1,4,1,1
 218,1,4,1,2
 219,3,4,1,3
 220,3,3,1,1
 221,3,5,1,1
 222,3,2,1,1
 223,1,4,1,1
 224,3,2,5,7
 225,2,4,5,5
 226,2,5,1,1
 227,1,5,1,2
 228,3,5,5,2
 229,1,4,1,1
 230,1,4,1,1
 231,1,4,1,9
 232,1,4,1,1
 233,1,4,1,3
 234,3,3,5,5
 235,3,3,5,2
 236,3,2,1,1
 237,3,2,1,1
 238,1,3,1,3
 239,1,4,1,1
 240,3,4,1,3
 241,1,4,1,1
 242,3,2,1,2
 243,1,5,5,5
 245,3,3,1,1
 246,1,4,1,9
 247,3,5,1,4
 248,1,5,5,3
 249,3,3,1,3
 250,3,3,1,3
 251,3,4,1,1
 252,1,4,1,4
 253,5,4,1,1
 254,1,4,1,1
 255,3,3,1,2
 256,3,3,1,3
 257,2,4,1,3
 258,3,3,5,4
 259,1,4,1,3
 260,1,5,5,5
 261,1,4,1,1
 262,1,4,1,2
 263,2,3,1,2
 264,3,4,1,1
 265,2,4,1,1
 266,1,5,1,3
 267,3,2,1,2
 268,1,5,5,4
 269,1,5,1,1
 270,1,4,1,7
 271,3,4,1,2
 272,3,3,5,7
 273,1,4,1,2
 274,3,4,1,2
 275,1,2,1,2
 276,2,4,1,2
 277,3,1,1,1
 278,1,3,1,4
 279,3,3,5,5
 280,1,5,1,2
 281,3,3,1,3
 282,1,4,1,3
 283,1,4,1,9
 284,3,3,5,1
 285,3,3,1,1
 286,2,3,1,1
 287,3,5,1,2
 288,1,5,5,4
 289,3,5,1,1
 290,1,4,5,7
 291,3,3,1,2
 292,3,4,1,2
 293,5,4,5,3
 294,1,4,5,5
 295,1,5,5,2
 296,1,4,5,3
 297,1,4,1,3
 298,1,4,5,4
 299,1,5,1,9
 300,1,3,5,4
 301,1,5,1,3
 302,1,4,5,4
 303,3,4,1,1
 304,2,5,1,1
 305,3,3,5,4
 306,1,5,1,1
 307,1,3,1,1
 308,3,5,1,3
 309,1,5,1,2
 310,1,3,1,3
 311,1,4,1,1
 312,2,4,1,3
 313,1,5,1,5
 314,1,4,1,2
 315,3,1,1,1
 316,1,5,1,2
 317,1,4,1,1
 318,1,4,1,1
 319,4,4,1,3
 320,1,5,1,4
 321,1,5,5,1
 322,3,2,5,2
 323,1,5,1,2
 324,3,2,1,1
 325,3,4,1,1
 326,3,5,1,1
 327,5,4,1,2
 328,1,3,1,4
 329,1,4,1,2
 330,3,2,1,1
 331,1,4,1,4
 332,2,3,5,5
 333,3,3,1,3
 334,3,5,1,3
 335,5,4,1,7
 336,1,4,1,1
 337,1,3,1,2
 338,1,4,1,1
 339,1,4,1,2
 340,1,3,1,3
 341,1,4,1,1
 342,1,4,1,2
 343,1,5,1,2
 344,3,5,1,4
 345,3,4,1,1
 346,2,2,1,4
 347,3,4,1,1
 348,2,4,1,4
 349,2,2,5,2
 350,1,4,1,3
 351,2,2,5,5
 352,1,4,1,3
 353,2,3,1,4
 354,1,4,5,5
 355,1,4,1,4
 356,3,5,1,2
 357,3,4,1,3
 358,1,4,5,3
 359,1,4,1,2
 360,1,3,5,5
 361,1,5,1,2
 362,3,2,5,5
 363,1,5,1,2
 364,3,4,5,5
 365,2,4,5,4
 366,1,5,1,1
 367,1,4,1,1
 368,3,5,1,1
 369,1,4,1,1
 370,2,5,1,4
 371,3,3,1,2
 372,3,5,1,4
 373,3,4,1,1
 374,1,4,1,1
 375,2,4,1,1
 376,1,3,1,1
 377,2,2,1,2
 378,2,4,1,2
 379,2,4,5,4
 380,3,5,1,1
 381,1,4,5,5
 382,3,3,1,4
 383,2,3,1,2
 384,1,4,5,4
 385,3,5,1,1
 386,3,3,1,2
 387,4,4,1,1
 388,1,4,1,3
 389,3,4,1,1
 390,1,5,1,1
 391,1,3,1,1
 392,1,4,5,4
 393,3,4,1,1
 394,1,3,1,3
 395,1,5,1,1
 396,1,4,5,2
 397,1,5,1,4
 398,1,5,5,5
 399,3,4,5,5
 400,1,4,1,3
 401,1,4,1,2
 402,3,4,1,3
 403,3,5,1,1
 404,2,3,1,1
 405,3,3,1,3
 406,1,4,5,4
 407,1,4,1,3
 408,2,3,1,1
 409,1,5,1,2
 410,1,3,1,2
 411,3,3,5,2
 412,1,5,1,1
 413,2,3,1,2
 414,1,5,5,5
 415,3,4,1,3
 416,1,3,1,5
 417,1,5,1,1
 418,3,3,1,3
 419,3,4,1,2
 420,1,4,1,2
 421,1,5,1,2
 422,1,4,1,2
 423,3,4,1,2
 424,1,5,1,1
 425,3,4,5,3
 426,1,5,1,1
 427,3,4,1,1
 428,1,5,1,1
 429,5,5,1,4
 430,3,3,1,4
 431,3,4,1,3
 432,2,3,1,2
 433,1,2,5,5
 434,2,2,1,1
 435,3,3,1,3
 436,5,4,5,5
 437,2,4,1,2
 438,2,3,1,1
 439,2,5,5,4
 440,3,4,1,4
 441,3,3,1,1
 442,3,5,1,2
 443,3,5,1,1
 444,1,3,5,5
 445,2,5,1,5
 446,1,4,1,2
 447,5,3,1,3
 448,3,4,1,1
 449,1,3,1,1
 450,1,4,1,3
 451,1,3,1,4
 452,1,5,1,3
 453,1,4,1,3
 454,3,5,1,3
 455,2,3,1,1
 456,1,4,1,2
 457,3,3,1,4
 458,1,4,5,5
 459,3,3,1,2
 460,3,2,1,2
 461,3,3,1,7
 462,1,5,1,1
 463,1,4,1,2
 464,3,3,1,4
 465,1,3,1,1
 466,3,4,1,2
 467,1,3,1,2
 468,2,4,1,1
 469,1,4,5,4
 470,1,5,1,2
 471,1,4,5,4
 472,3,4,1,2
 473,2,4,5,5
 474,2,5,1,2
 475,1,5,5,4
 476,2,3,1,2
 477,1,4,5,5
 478,2,2,5,2
 479,3,4,1,1
 480,2,4,1,1
 481,4,4,5,5
 482,2,3,5,2
 483,2,4,1,1
 484,1,3,5,5
 485,2,4,1,4
 486,1,3,5,2
 487,1,4,1,3
 488,3,4,1,1
 489,1,3,5,5
 490,3,5,1,3
 491,1,4,5,5
 492,1,4,1,2
 493,3,3,5,2
 494,1,4,1,1
 495,3,3,5,5
 496,3,2,1,4
 497,2,3,9,9
 498,1,5,1,2
 499,2,3,1,2
 500,1,5,1,1
 501,1,4,5,4
 502,3,5,5,4
 503,5,4,5,5
 504,3,5,5,3
 505,3,4,5,2
 506,9,1,1,1
 507,3,3,1,4
 508,1,4,5,1
 509,1,4,1,1
 510,1,4,1,1
 511,3,5,1,3
 512,1,4,1,1
 513,1,4,5,4
 514,1,4,1,1
 515,1,5,1,2
 516,1,4,1,2
 517,1,3,5,4
 518,1,4,5,5
 519,3,4,1,1
 520,3,3,1,1
 521,1,4,1,2
 522,3,3,1,3
 523,1,3,1,4
 524,1,5,1,1
 525,1,5,1,4
 526,2,5,1,2
 527,3,3,1,3
 528,1,4,1,9
 529,3,4,1,1
 530,3,3,1,4
 531,1,5,1,1
 532,1,3,5,5
 533,3,3,1,1
 534,2,3,5,4
 535,1,4,5,5
 536,3,2,5,1
 537,2,2,1,2
 538,2,4,1,3
 539,2,4,1,2
 540,3,5,1,3
 541,8,8,1,3
 542,1,5,1,3
 543,3,5,1,1
 544,3,5,1,1
 545,1,5,1,1
 546,2,4,1,1
 547,1,5,1,1
 548,1,5,1,4
 549,3,4,1,2
 550,2,3,1,1
 551,3,5,1,2
 552,1,4,1,1
 553,1,5,1,4
 554,2,4,1,1
 555,1,4,1,1
 556,3,4,1,5
 557,2,4,1,1
 558,3,3,1,2
 559,3,5,1,4
 560,1,5,1,1
 561,2,2,1,2
 562,1,3,1,4
 563,3,5,1,1
 564,3,5,1,5
 565,1,2,1,4
 566,2,3,1,1
 567,1,3,1,1
 568,1,4,5,2
 569,1,4,1,3
 570,1,3,5,4
 571,3,5,1,4
 572,2,5,1,4
 573,3,4,1,1
 574,3,5,5,5
 575,1,4,1,1
 576,2,5,1,2
 577,1,4,1,3
 578,2,5,1,4
 579,3,5,1,3
 580,1,1,1,1
 581,2,4,1,1
 582,1,5,5,5
 583,3,3,5,2
 584,4,3,1,4
 585,1,3,1,2
 586,3,3,1,1
 587,1,4,1,2
 588,1,4,1,3
 589,1,4,1,3
 590,1,5,1,3
 591,3,4,1,2
 592,3,5,1,2
 593,1,3,1,2
 594,1,5,1,2
 595,1,4,5,5
 596,1,5,1,4
 597,1,4,1,1
 598,2,3,1,2
 599,0,0,0,0
 600,3,4,1,4
 601,3,4,1,3
 602,1,4,1,3
 603,3,4,1,2
 604,3,3,1,3
 605,3,4,1,3
 606,3,5,1,2
 607,1,5,1,1
 608,3,5,1,1
 609,3,5,1,1
 610,1,4,1,3
 611,2,4,1,1
 612,2,3,1,1
 613,1,4,1,2
 614,1,4,1,7
 615,1,4,5,1
 616,1,3,1,3
 617,1,5,1,3
 618,4,4,5,2
 619,1,5,1,3
 620,1,5,1,2
 621,1,5,1,1
 622,1,5,1,1
 623,3,5,1,4
 624,3,3,1,2
 625,3,4,1,1
 626,1,4,1,3
 627,1,4,5,5
 628,1,4,1,1
 629,1,4,5,5
 630,1,5,1,2
 631,1,4,1,3
 632,1,5,1,1
 633,1,4,1,1
 634,1,4,5,5
 635,3,4,1,3
 636,1,4,1,1
 637,1,5,5,5
 638,3,4,1,1
 639,1,1,5,4
 640,3,3,1,1
 641,1,4,1,4
 642,4,5,1,5
 643,2,4,1,1
 644,3,4,1,1
 645,1,5,1,2
 646,3,4,5,4
 647,3,3,1,3
 648,5,2,1,2
 649,1,4,1,4
 650,2,5,1,1
 651,2,3,1,1
 652,1,4,1,1
 653,1,5,1,2
 654,3,4,1,3
 655,3,2,1,4
 656,1,5,1,2
 657,1,5,5,2
 658,1,5,1,2
 659,1,4,1,1
 660,3,3,1,7
 661,3,4,5,5
 662,1,5,5,2
 663,1,4,5,4
 664,1,5,1,2
 665,1,3,1,4
 666,3,3,1,3
 667,4,3,1,1
 668,1,5,5,5
 669,3,3,5,4
 670,3,4,1,2
 671,1,5,1,1
 672,3,3,1,1
 673,1,3,1,3
 674,1,5,1,1
 675,1,5,1,1
 676,1,4,1,1
 677,3,4,1,1
 678,3,4,1,3
 679,2,3,5,5
 680,2,3,5,1
 681,3,2,5,4
 682,3,3,5,4
 683,1,5,1,2
 684,1,5,5,4
 685,1,4,1,1
 686,3,1,1,2
 687,1,3,1,3
 688,3,2,1,1
 689,1,5,1,1
 690,1,4,1,2
 691,1,4,1,2
 692,3,3,1,1
 693,3,5,1,3
 694,3,4,1,4
 695,3,3,1,3
 696,3,4,1,2
 697,3,4,1,4
 698,1,3,5,4
 699,2,3,1,1
 700,2,3,5,3
 701,3,4,1,1
 702,1,4,1,2
 703,1,4,1,2
 704,1,3,1,1
 705,4,4,1,1
 706,1,5,1,1
 707,3,3,1,2
 708,1,5,5,2
 709,3,3,1,3
 710,1,3,1,1
 711,3,4,1,2
 712,1,4,5,4
 713,3,2,1,2
 714,1,4,1,3
 715,3,2,5,4
 716,3,3,0,0
 717,3,5,1,3
 718,1,4,1,2
 719,2,3,1,1
 720,1,5,1,2
 721,1,4,1,3
 722,1,5,1,5
 723,1,5,5,4
 724,1,4,5,5
 725,1,5,1,5
 726,3,2,1,4
 727,3,3,1,3
 728,1,4,1,1
 729,2,3,5,5
 730,1,4,1,1
 731,1,5,5,2
 732,2,2,1,1
 733,3,3,1,1
 734,3,4,1,1
 735,3,1,1,5
 736,4,3,1,1
 737,3,2,5,4
 738,3,3,1,2
 739,1,4,5,4
 740,3,2,1,3
 741,1,3,1,4
 742,1,4,1,1
 743,1,4,5,1
 744,1,4,1,4
 745,3,5,5,5
 746,1,5,1,1
 747,3,3,5,5
 748,3,4,1,3
 749,3,2,1,4
 750,4,5,1,2
 751,3,2,1,1
 752,3,3,1,1
 753,3,5,1,1
 754,1,4,1,2
 755,3,4,5,4
 756,3,3,5,5
 757,2,3,1,2
 758,3,4,1,2
 759,3,4,5,5
 760,3,4,5,4
 761,1,5,5,5
 762,2,2,1,2
 763,3,3,1,2
 764,3,4,1,2
 765,3,4,1,3
 766,3,4,1,1
 767,2,3,5,9
 768,1,3,5,4
 769,1,4,5,2
 770,1,4,1,1
 771,5,4,1,3
 772,3,4,1,2
 773,3,1,1,1
 774,1,3,1,1
 775,3,3,1,2
 776,3,4,1,1
 777,5,4,5,1
 778,2,4,1,3
 779,1,4,1,1
 780,3,2,1,2
 781,1,3,1,1
 782,1,3,1,1
 783,3,3,5,4
 784,3,3,1,1
 785,2,4,1,4
 786,1,4,1,3
 787,3,5,1,3
 788,3,5,1,3
 789,1,3,1,1
 790,4,5,1,2
 791,3,4,1,1
 792,4,4,1,1
 793,3,5,1,1
 794,3,3,1,1
 795,1,3,5,4
 796,3,5,1,1
 797,1,5,1,3
 798,3,2,1,1
 799,1,2,1,2
 800,1,3,1,1
 801,1,5,1,1
 802,2,3,1,3
 803,3,3,5,4
 804,1,3,1,2
 805,3,3,1,3
 806,1,5,1,2
 807,3,2,1,3
 808,3,4,1,3
 809,3,5,1,3
 810,3,4,1,1
 811,1,4,1,2
 812,1,4,5,4
 813,1,5,1,1
 814,1,4,1,1
 815,1,4,5,1
 816,1,3,5,4
 817,1,5,1,1
 818,3,3,1,5
 819,1,5,1,1
 820,3,4,5,2
 821,1,4,5,4
 822,3,5,5,4
 823,3,2,1,2
 824,3,4,1,3
 825,1,3,1,1
 826,3,3,1,5
 827,1,4,1,3
 828,1,4,1,3
 829,1,4,1,3
 830,3,2,5,3
 831,1,4,5,5
 832,3,3,5,5
 833,1,5,5,5
 834,1,5,1,1
 835,3,3,1,1
 836,3,3,1,2
 837,2,4,1,3
 838,3,5,1,1
 839,1,5,1,2
 840,1,4,5,5
 841,1,4,5,5
 842,1,2,5,4
 843,3,4,1,3
 844,1,4,1,1
 845,1,4,1,1
 846,3,3,1,1
 847,1,5,1,1
 848,3,4,1,1
 849,1,5,1,3
 850,2,4,5,5
 851,1,5,1,2
 852,3,4,1,1
 853,2,3,1,2
 854,1,3,1,1
 855,1,3,5,4
 856,1,5,5,5
 857,1,5,1,4
 858,1,5,1,3
 859,1,5,1,4
 860,1,3,1,3
 861,1,4,1,1
 862,3,5,1,2
 863,3,2,5,4
 864,1,4,1,5
 865,2,2,1,3
 866,3,5,1,1
 867,1,5,1,1
 868,3,3,1,7
 869,3,5,1,2
 870,1,4,1,1
 871,1,5,1,2
 872,1,5,1,1
 873,1,4,1,2
 874,2,4,1,3
 875,3,1,1,3
 876,1,2,5,4
 877,2,3,1,3
 878,3,4,1,1
 879,1,5,5,3
 880,2,3,1,2
 881,1,4,1,4
 882,3,3,1,2
 883,3,4,1,4
 884,1,5,5,4
 885,3,3,1,1
 886,1,4,1,1
 887,1,3,1,4
 888,1,4,1,1
 889,1,3,1,1
 890,1,3,5,4
 891,3,3,5,3
 892,1,5,1,1
 893,5,5,1,3
 894,3,5,1,1
 895,3,2,1,2
 896,3,5,1,1
 897,1,4,1,1
 898,1,4,1,2
 899,1,5,5,5
 900,1,5,1,2
 901,1,4,5,4
 902,5,5,5,5
 903,3,5,1,1
 904,3,2,5,4
 905,3,2,1,3
 906,3,3,5,4
 907,3,4,1,4
 908,1,5,1,3
 909,1,4,1,1
 910,1,5,5,4
 911,1,5,1,1
 912,3,5,1,1
 913,3,3,5,3
 914,4,3,5,4
 915,3,4,1,1
 916,3,5,1,4
 917,1,4,1,1
 918,3,5,1,3
 919,3,4,1,2
 920,3,2,5,2
 921,1,4,1,4
 922,3,4,1,3
 923,1,4,1,2
 924,5,4,1,3
 925,1,3,1,3
 926,3,4,1,3
 927,3,1,5,5
 928,1,5,5,3
 929,8,4,1,3
 930,1,4,1,3
 931,3,3,1,3
 932,3,3,1,1
 933,3,4,1,1
 934,5,4,1,2
 935,2,3,1,3
 936,3,3,1,3
 937,2,3,5,4
 938,3,3,5,5
 939,3,2,5,4
 940,1,5,1,2
 941,2,3,1,3
 942,5,5,1,4
 943,1,4,1,9
 944,2,4,1,2
 945,3,5,1,2
 946,3,5,5,4
 947,2,3,5,5
 948,2,3,1,3
 949,3,4,5,3
 950,1,4,5,5
 951,3,4,1,4
 952,3,4,1,3
 953,1,5,1,2
 954,3,4,1,1
 955,3,4,5,2
 956,1,3,5,5
 957,3,3,1,3
 958,1,5,1,2
 959,1,5,1,2
 960,3,2,1,4
 961,3,4,1,2
 962,1,3,1,3
 963,2,3,1,1
 964,3,4,1,3
 965,2,3,5,2
 966,3,3,1,3
 967,1,4,5,3
 968,5,3,1,4
 969,2,4,1,5
 970,3,4,1,4
 971,1,5,1,3
 972,1,5,5,5
 973,3,1,1,2
 974,3,3,1,2
 975,3,3,1,1
 976,2,3,1,1
 977,1,4,1,3
 978,1,5,5,3
 979,1,4,1,2
 980,2,4,1,3
 981,1,5,1,1
 982,3,4,5,9
 983,3,3,5,4
 984,1,4,1,3
 985,3,4,1,2
 986,5,5,1,2
 987,1,5,5,2
 988,1,4,1,1
 989,1,3,5,4
 990,1,3,1,3
 991,1,1,5,4
 992,3,2,1,4
 993,3,4,1,1
 994,1,4,1,1
 995,4,4,5,5
 996,3,2,1,1
 997,1,5,1,2
 998,3,2,5,2
 999,1,4,1,1
1000,2,4,1,1
1001,1,4,1,1
1002,3,5,1,7
1003,3,5,1,2
1004,1,3,5,4
1005,1,5,5,5
1006,1,5,1,1
1007,2,2,5,5
1008,3,3,5,5
1009,3,4,1,1
1010,1,5,1,1
1011,1,4,1,2
1012,2,5,5,4
1013,1,5,1,1
1014,2,3,5,4
1015,3,4,5,5
1016,3,5,1,3
1017,1,5,1,1
1018,3,4,1,3
1019,1,4,1,1
1020,3,3,1,2
1021,4,4,1,3
1022,3,5,1,1
1023,1,4,1,1
1024,3,3,1,4
1025,1,4,1,2
1026,3,4,1,1
1027,3,3,1,2
1028,1,4,1,4
1029,4,4,1,7
1030,3,4,1,1
1031,3,3,1,3
1032,3,4,1,2
1033,1,4,1,1
1034,3,5,5,4
1035,3,3,1,1
1036,3,3,1,3
1037,1,4,5,2
1038,1,3,1,1
1039,3,3,5,5
1040,2,3,5,4
1041,2,4,5,5
1042,1,5,1,1
1043,3,3,5,4
1044,4,2,1,3
1045,3,3,5,5
1046,1,4,1,1
1047,3,4,5,3
1048,1,4,5,5
1049,2,4,1,3
1050,1,5,1,3
1052,2,5,5,4
1053,1,5,1,5
1054,3,4,1,1
1055,2,4,1,3
1056,1,4,1,1
1057,1,5,5,5
1058,2,4,1,5
1059,1,5,1,2
1060,1,4,1,1
1061,3,3,1,1
1062,3,4,5,4
1063,3,3,1,3
1064,1,5,5,4
1065,1,5,5,2
1066,4,4,1,2
1067,3,3,1,3
1068,1,5,1,3
1069,3,4,1,1
1070,1,5,1,1
1071,3,2,1,3
1072,1,3,1,1
1073,3,2,1,1
1074,2,3,1,3
1075,1,4,1,1
1076,3,3,1,3
1077,1,4,1,1
1078,1,4,5,4
1079,2,4,5,7
1080,3,3,1,1
1081,1,5,1,2
1082,3,3,1,1
1083,1,4,1,2
1084,1,5,1,2
1085,2,4,1,1
1086,3,3,1,1
1087,4,4,1,2
1088,2,3,1,4
1089,1,5,1,4
1090,1,4,1,3
1091,1,5,1,1
1092,1,5,1,5
1093,3,3,1,3
1094,3,3,5,5
1095,3,5,1,3
1096,3,2,5,3
1097,1,5,1,2
1098,1,3,1,1
1099,1,5,5,5
1100,2,4,1,4
1101,3,2,5,3
1102,1,5,1,2
1103,3,2,1,2
1104,1,5,1,2
1105,1,4,1,2
1106,3,2,1,4
1107,1,5,1,1
1108,3,3,5,5
1109,1,4,1,3
1110,1,4,5,4
1111,1,4,1,1
1112,3,5,5,5
1113,1,4,1,7
1114,1,4,1,2
1115,5,3,1,1
1116,2,3,5,4
1117,1,4,1,1
1118,3,5,1,4
1119,1,5,5,5
1120,1,4,1,2
1121,4,3,5,5
1122,2,4,1,1
1123,3,3,1,4
1124,1,4,1,1
1125,2,3,1,1
1126,1,5,1,1
1127,2,5,1,3
1128,1,4,1,4
1129,3,5,1,1
1130,3,3,1,2
1131,3,4,1,3
1132,1,5,1,1
1133,1,4,1,2
1134,1,5,1,1
1135,1,5,1,1
1136,2,3,1,3
1137,1,4,1,1
1138,3,4,1,2
1139,3,3,1,3
1140,1,1,1,1
1141,3,3,1,1
1142,1,4,1,4
1143,5,5,1,1
1144,1,4,1,1
1145,1,3,5,5
1146,3,5,1,4
1147,1,5,1,2
1148,3,4,5,5
1149,2,4,5,4
1150,1,5,5,4
1151,1,4,1,4
1152,3,3,1,2
1153,1,4,1,1
1154,1,3,1,2
1155,3,1,1,4
1156,1,3,1,4
1157,2,3,1,1
1158,3,5,1,2
1159,1,4,1,1
1160,1,4,1,5
1161,2,3,1,1
1162,1,2,1,2
1163,3,2,1,2
1164,3,4,1,4
1165,3,3,1,1
1166,3,3,5,5
1167,3,3,1,2
1168,1,5,1,1
1169,2,3,5,1
1170,2,3,1,2
1171,3,1,1,1
1172,1,5,5,4
1173,3,3,5,5
1174,1,4,1,4
1175,1,5,1,1
1176,1,4,1,2
1177,1,5,5,2
1178,3,2,1,1
1179,2,3,5,5
1180,9,3,5,5
1181,2,4,1,3
1182,1,3,1,1
1183,2,4,1,2
1184,1,4,5,1
1185,1,4,1,1
1186,1,3,5,4
1187,1,3,5,4
1188,1,4,1,5
1189,1,2,5,4
1190,1,5,1,3
1191,5,4,1,2
1192,3,3,1,2
1193,1,8,1,7
1194,1,4,1,1
1195,1,5,5,5
1196,3,4,1,1
1197,1,3,1,1
1198,3,3,1,2
1199,1,5,1,4
1200,1,3,5,5
1201,3,3,5,5
1202,3,3,1,2
1203,3,3,1,3
1204,2,3,5,3
1205,5,4,1,1
1206,1,3,1,4
1207,1,3,5,5
1208,3,4,1,2
1209,2,2,1,3
1210,5,5,1,3
1211,1,3,1,1
1212,1,5,1,2
1213,1,4,5,4
1214,3,3,1,1
1215,3,3,1,3
1216,3,4,1,1
1217,1,4,1,1
1218,2,1,5,2
1219,1,5,1,1
1220,1,4,1,2
1221,3,1,1,2
1222,1,5,1,4
1223,3,3,1,2
1224,1,2,5,5
1225,3,4,1,2
1226,3,3,1,2
1227,4,3,5,5
1228,1,4,1,1
1229,3,3,5,4
1230,1,4,1,1
1231,1,5,1,1
1232,3,3,1,3
1233,3,4,1,3
1234,3,5,1,1
1235,3,2,5,2
1236,1,4,5,5
1237,1,4,1,3
1238,1,1,1,3
1239,3,4,1,3
1240,2,1,1,2
1241,3,3,1,1
1242,1,5,1,1
1243,1,5,1,3
1244,1,4,5,3
1245,3,4,1,3
1246,1,5,1,1
1247,1,4,1,1
1248,3,3,1,1
1249,3,4,1,2
1250,1,5,1,1
1251,3,4,1,4
1252,2,4,5,4
1253,3,4,5,3
1254,3,3,5,3
1255,1,4,1,2
1256,1,3,1,2
1257,2,4,1,2
1258,2,3,1,2
1259,1,4,1,1
1260,4,3,5,5
1261,5,4,1,5
1262,3,5,1,2
1263,1,4,5,7
1264,3,3,1,1
1265,1,3,5,4
1266,3,3,1,1
1267,1,4,1,3
1268,3,5,1,1
1269,2,4,1,2
1271,3,5,1,1
1272,3,5,1,1
1273,3,3,1,2
1274,1,4,1,2
1275,1,5,1,1
1276,3,3,1,5
1277,1,2,1,1
1278,1,3,1,2
1279,3,4,1,4
1280,3,4,5,4
1281,1,5,1,1
1282,1,4,5,3
1283,3,3,5,4
1284,1,4,5,5
1285,3,3,1,1
1286,1,3,1,3
1287,3,3,1,1
1288,1,3,1,1
1289,3,5,5,4
1290,5,4,1,1
1291,2,3,1,3
1292,3,3,1,2
1293,3,3,1,1
1294,3,3,1,2
1295,3,1,5,5
1296,1,5,1,3
1297,1,5,1,3
1298,1,4,1,1
1299,1,3,1,1
1300,1,1,1,1
1301,3,4,5,4
1302,3,3,5,4
1303,1,5,1,3
1304,3,5,5,5
1305,3,4,1,2
1306,3,2,1,2
1307,1,4,5,5
1308,1,4,1,2
1309,1,3,1,1
1310,1,5,1,1
1311,1,4,1,2
1312,3,4,1,3
1313,1,4,1,2
1314,1,5,1,2
1315,5,4,1,4
1316,2,3,1,1
1317,1,4,1,2
1318,2,4,1,3
1319,1,5,1,1
1320,1,2,1,3
1321,2,4,1,1
1322,3,2,1,1
1323,3,4,1,1
1324,1,4,1,1
1325,3,3,1,1
1326,3,1,1,3
1327,2,3,1,2
1328,3,2,1,2
1329,1,3,1,3
1330,1,4,1,3
1331,1,5,1,2
1332,1,3,5,4
1333,3,3,5,5
1334,1,4,1,4
1335,1,4,5,4
1336,1,4,1,2
1337,1,3,5,5
1338,1,4,1,4
1339,3,5,1,2
1340,3,2,1,1
1341,5,1,8,5
1342,3,2,5,7
1343,1,4,1,1
1344,1,4,5,3
1345,3,3,5,5
1346,3,3,1,1
1347,1,3,1,1
1348,1,4,1,3
1349,5,3,1,1
1350,3,3,1,1
1351,1,4,5,5
1352,3,5,1,1
1353,1,4,1,1
1354,8,3,1,2
1355,3,5,1,3
1356,3,2,1,2
1357,3,5,1,4
1358,3,4,1,1
1359,1,4,1,2
1360,1,2,1,3
1361,2,4,5,5
1362,1,5,5,3
1363,1,5,1,4
1364,1,3,5,3
1365,1,4,5,3
1366,3,5,5,5
1367,1,4,1,1
1368,1,5,1,2
1369,1,4,1,2
1370,1,4,1,1
1371,3,5,1,2
1372,1,4,1,2
1373,1,5,1,1
1374,3,3,5,2
1375,1,4,5,5
1376,3,4,5,4
1377,1,4,1,4
1378,3,3,1,2
1379,3,2,1,5
1380,3,2,5,1
1381,3,2,1,2
1382,3,3,1,1
1383,3,4,1,3
1384,3,5,1,1
1385,3,5,1,2
1386,3,5,1,1
1387,3,4,1,2
1388,1,3,1,4
1389,3,3,1,2
1390,3,4,1,1
1391,1,4,1,1
1392,3,2,1,2
1393,3,5,1,1
1394,1,3,1,3
1395,3,3,1,1
1396,1,5,5,4
1397,3,5,1,2
1398,1,5,5,4
1399,3,5,1,5
1400,1,5,1,1
1401,3,5,5,5
1402,4,4,1,1
1403,1,3,5,5
1404,1,4,1,2
1405,3,3,1,1
1406,1,4,1,2
1407,3,4,1,1
1408,3,4,5,4
1409,2,4,1,1
1410,1,4,1,1
1411,3,3,1,1
1412,2,2,1,1
1413,3,3,1,1
1414,3,3,1,1
1415,3,3,1,1
1416,3,3,1,4
1417,3,3,1,3
1418,3,2,1,3
1419,5,5,1,3
1420,1,4,1,2
1421,3,4,1,3
1422,3,4,1,1
1423,1,4,5,5
1424,1,4,1,2
1425,2,4,1,1
1426,1,4,1,2
1427,3,4,1,1
1428,3,4,1,1
1429,3,3,1,3
1430,2,3,1,1
1431,4,4,5,4
1432,1,2,1,4
1433,4,5,5,7
1434,3,4,1,1
1435,3,5,1,2
1436,1,4,1,2
1437,3,5,5,4
1438,3,2,1,1
1439,5,4,1,2
1440,1,4,1,1
1441,1,4,1,1
1442,1,5,1,1
1443,3,4,1,1
1444,3,3,1,1
1445,3,3,1,3
1446,5,2,1,1
1447,1,4,1,1
1448,1,5,1,1
1449,2,4,1,2
1450,1,4,1,4
1451,1,4,1,1
1452,1,4,1,4
1453,3,4,1,3
1454,4,4,1,3
1455,1,4,5,4
1456,3,3,1,4
1457,2,4,5,4
1458,1,5,1,3
1459,3,3,5,4
1460,3,5,1,3
1461,3,4,1,1
1462,1,4,1,3
1463,1,4,1,1
1464,1,5,1,7
1465,1,5,1,2
1466,3,4,1,2
1467,3,4,1,1
1468,1,4,5,5
1469,3,4,1,2
1470,1,5,1,7
1471,5,5,1,3
1472,3,2,1,3
1473,2,4,1,1
1474,1,3,5,2
1475,1,5,1,3
1476,4,4,5,4
1477,1,3,1,2
1478,1,4,1,1
1479,3,3,1,1
1480,3,3,1,2
1481,3,4,1,4
1482,3,4,1,2
1483,3,4,1,2
1484,1,4,1,1
1485,1,3,1,1
1486,1,3,1,1
1487,1,4,5,7
1488,2,3,1,2
1489,1,4,5,4
1490,3,4,1,2
1491,1,4,1,1
1492,1,4,1,3
1493,1,5,1,2
1494,4,3,5,4
1495,1,4,1,2
1496,4,3,1,2
1497,1,4,5,5
1498,3,3,1,4
1499,1,3,1,3
1500,1,4,1,3
1501,3,5,1,1
1502,1,3,1,2
1503,1,4,1,2
1504,1,3,1,2
1505,1,4,1,4
1506,3,3,5,5
1507,1,3,5,5
1508,1,3,1,1
1509,1,3,1,4
1510,3,2,1,1
1511,1,5,1,1
1512,1,5,1,5
1513,1,5,5,1
1514,1,2,1,4
1515,1,4,5,4
1516,3,4,1,1
1517,3,4,1,1
1518,1,5,1,1
1519,1,5,1,3
1520,1,5,1,4
1521,3,2,5,5
1522,1,5,5,5
1523,1,4,1,2
1524,1,2,1,2
1525,1,4,1,1
1526,2,3,5,4
1527,3,4,1,1
1528,2,2,5,4
1529,1,4,1,1
1530,2,3,5,4
1531,2,4,1,5
1532,1,4,1,2
1533,3,1,1,7
1534,3,4,1,2
1535,0,0,0,0
1536,1,3,1,1
1537,1,3,1,5
1538,5,2,5,5
1539,1,5,1,2
1540,8,4,1,1
1541,1,4,1,5
1542,3,5,1,1
1543,1,4,5,4
1544,1,5,1,1
1545,1,5,1,1
1546,3,3,1,3
1547,3,4,1,1
1548,1,4,1,1
1549,8,4,1,3
1550,3,4,1,1
1551,3,1,1,3
1552,3,3,1,1
1553,1,5,1,2
1554,1,5,1,1
1555,1,4,1,1
1556,1,5,1,2
1557,3,2,1,2
1558,1,3,1,1
1559,1,2,1,1
1560,3,1,1,1
1561,3,4,1,3
1562,8,3,5,5
1563,1,5,1,1
1564,1,2,1,3
1565,1,4,1,4
1566,3,3,1,1
1567,3,4,1,2
1568,2,2,5,5
1569,3,4,1,1
1570,1,4,5,4
1571,3,5,5,7
1572,3,4,1,3
1573,2,5,1,1
1574,1,5,1,1
1575,1,3,1,2
1576,1,4,1,1
1577,1,4,1,2
1578,1,3,1,2
1579,1,5,5,4
1580,3,3,1,1
1581,3,3,1,1
1582,1,5,1,4
1583,1,5,1,4
1584,1,5,1,2
1585,1,3,1,1
1586,1,4,1,3
1587,2,3,5,3
1588,3,4,1,3
1589,1,4,1,3
1590,3,2,1,2
1591,1,4,5,4
1592,1,4,1,2
1593,1,4,1,3
1594,1,4,5,2
1595,2,3,5,3
1596,2,3,1,1
1597,1,3,1,2
1598,1,4,1,2
1599,2,3,5,5
1600,1,5,1,3
1601,8,1,5,1
1602,3,3,1,3
1603,1,5,5,5
1604,3,3,5,4
1605,3,2,1,1
1606,1,4,1,2
1607,3,4,5,4
1608,3,2,1,1
1609,3,3,5,4
1610,1,5,1,3
1611,3,3,5,5
1612,3,5,1,1
1613,1,4,1,1
1614,1,4,1,2
1615,2,5,5,4
1616,1,4,5,7
1617,2,3,5,3
1618,1,4,1,3
1619,1,5,1,3
1620,2,3,1,2
1621,1,5,1,5
1622,1,5,1,4
1623,2,3,5,4
1624,1,4,5,5
1625,3,3,5,5
1626,1,5,1,3
1627,1,5,1,5
1628,1,1,1,1
1629,3,1,5,5
1630,1,4,1,3
1631,3,4,1,2
1632,1,4,1,1
1633,1,2,1,1
1634,3,3,1,4
1635,3,3,1,9
1636,3,5,1,3
1637,1,5,1,2
1638,3,5,1,2
1639,2,4,1,1
1640,1,4,1,1
1641,3,3,5,5
1642,1,5,1,2
1643,3,5,1,1
1644,2,3,1,4
1645,3,5,1,2
1646,8,3,1,2
1647,4,4,1,1
1648,1,3,1,7
1649,2,4,1,2
1650,1,3,1,3
1651,1,4,1,3
1652,3,3,1,2
1653,3,3,5,4
1654,1,4,1,1
1655,1,4,1,1
1656,3,4,1,1
1657,1,5,1,1
1658,1,4,1,1
1659,1,5,1,1
1660,2,3,1,7
1662,3,3,1,2
1663,1,4,1,4
1664,3,2,5,3
1665,1,4,5,4
1666,1,4,1,1
1667,1,2,5,5
1668,1,4,1,1
1669,1,5,1,2
1670,1,4,1,2
1671,1,4,1,2
1672,1,4,5,3
1673,2,4,5,5
1674,1,4,1,2
1675,1,4,1,1
1676,5,1,1,2
1677,1,3,1,2
1678,1,4,1,1
1679,1,3,5,5
1680,1,4,1,1
1681,1,4,1,1
1682,1,5,1,3
1683,1,4,1,1
1684,3,4,1,1
1685,1,2,1,2
1686,1,4,1,2
1687,1,5,1,1
1688,1,4,1,4
1689,1,2,5,3
1690,3,4,5,5
1691,2,5,5,2
1692,1,5,1,1
1693,2,4,5,4
1694,3,2,1,2
1695,1,2,1,1
1696,3,4,1,1
1697,2,3,5,4
1698,1,3,1,2
1699,1,4,1,3
1700,2,4,1,3
1701,3,3,1,1
1702,1,4,5,5
1703,3,4,1,1
1704,3,3,1,1
1705,2,5,1,1
1706,1,5,1,2
1707,2,4,1,4
1708,1,5,1,2
1709,3,2,1,2
1710,3,3,5,5
1711,3,5,1,1
1712,1,3,1,2
1713,3,2,1,1
1714,1,1,1,1
1715,1,3,1,1
1716,1,5,1,4
1717,1,4,1,1
1718,3,4,1,1
1719,1,4,1,4
1720,0,0,0,0
1721,2,3,5,3
1722,1,4,5,4
1723,3,3,1,4
1724,1,4,1,2
1725,1,4,5,1
1726,3,4,5,4
1727,2,3,5,4
1728,1,4,5,5
1729,3,4,1,3
1730,1,3,1,4
1731,3,2,5,4
1732,1,5,1,2
1733,1,5,1,2
1734,3,4,1,1
1735,1,5,5,4
1736,1,5,1,2
1737,3,4,5,4
1738,3,5,5,9
1739,1,5,1,8
1740,3,1,0,0
1741,3,5,5,3
1742,3,2,1,2
1743,1,5,1,1
1744,1,4,5,4
1745,1,4,1,1
1746,2,3,1,3
1747,1,5,5,5
1748,3,3,1,2
1749,4,4,1,3
1750,3,4,1,1
1751,3,5,1,3
1752,2,2,5,5
1753,3,1,5,2
1754,3,4,1,3
1755,1,4,1,3
1756,1,5,1,1
1757,1,5,1,4
1758,1,5,1,4
1759,3,5,1,2
1760,1,3,1,5
1761,1,5,1,1
1762,3,4,1,2
1763,1,4,1,1
1764,1,5,1,2
1765,1,5,1,1
1766,2,4,1,3
1767,3,3,1,1
1768,3,4,1,2
1769,3,5,1,3
1770,1,4,1,3
1771,4,5,1,1
1772,1,4,5,4
1773,3,2,1,2
1774,1,5,5,5
1775,1,4,5,5
1776,3,4,1,2
1777,1,3,1,3
1778,3,1,5,3
1779,1,3,1,1
1780,1,5,5,9
1781,1,5,1,1
1782,3,4,5,5
1783,1,4,1,1
1784,1,5,1,1
1785,3,3,5,4
1786,1,5,5,5
1787,3,2,1,2
1788,3,3,5,4
1789,1,5,1,1
1790,1,4,1,4
1791,3,4,1,1
1792,3,2,1,2
1793,1,4,5,4
1794,3,4,1,2
1795,2,3,1,3
1796,1,4,1,1
1797,1,4,1,2
1798,1,4,1,2
1799,3,3,1,1
1800,2,5,1,3
1801,1,4,5,3
1802,3,5,1,3
1803,3,4,1,1
1804,3,3,1,3
1805,3,3,5,8
1806,1,4,1,2
1807,1,4,1,1
1808,3,5,5,4
1809,2,4,1,1
1810,3,4,1,2
1811,1,4,1,3
